epoch,time,train/loss,metrics/accuracy_top1,metrics/accuracy_top5,val/loss,lr/pg0,lr/pg1,lr/pg2
1,4.89195,0.96828,0.86667,1,0.49665,0.000416792,0.000416792,0.000416792
2,5.36244,0.36586,1,1,0.08331,0.000875441,0.000875441,0.000875441
3,5.67346,0.14475,1,1,0.00841,0.00131523,0.00131523,0.00131523
4,5.98958,0.05348,1,1,0.00116,0.00134412,0.00134412,0.00134412
5,6.33275,0.07863,1,1,8e-05,0.00131582,0.00131582,0.00131582
6,6.65417,0.02947,1,1,3e-05,0.00128753,0.00128753,0.00128753
7,6.97881,0.16546,1,1,2e-05,0.00125923,0.00125923,0.00125923
8,7.30789,0.01465,1,1,5e-05,0.00123094,0.00123094,0.00123094
9,7.6274,0.27987,1,1,3e-05,0.00120265,0.00120265,0.00120265
10,7.93889,0.02958,1,1,4e-05,0.00117435,0.00117435,0.00117435
11,8.2686,0.22256,1,1,6e-05,0.00114606,0.00114606,0.00114606
12,8.59235,0.02216,1,1,7e-05,0.00111776,0.00111776,0.00111776
13,8.90404,0.00705,1,1,0.0001,0.00108947,0.00108947,0.00108947
14,9.21601,0.0033,1,1,0.00014,0.00106118,0.00106118,0.00106118
15,9.52586,0.00575,1,1,8e-05,0.00103288,0.00103288,0.00103288
16,9.83795,0.00401,1,1,0.00011,0.00100459,0.00100459,0.00100459
17,10.152,0.27403,1,1,4e-05,0.000976293,0.000976293,0.000976293
18,10.4554,0.04477,1,1,0.00028,0.000947999,0.000947999,0.000947999
19,10.7579,0.00172,1,1,3e-05,0.000919704,0.000919704,0.000919704
20,11.0673,0.01642,1,1,2e-05,0.00089141,0.00089141,0.00089141
21,11.3704,0.00285,1,1,2e-05,0.000863116,0.000863116,0.000863116
22,11.6736,0.01866,1,1,2e-05,0.000834822,0.000834822,0.000834822
