label_name,bbox_x,bbox_y,bbox_width,bbox_height,image_name,image_width,image_height
Issue,430,301,97,25,WIN_20260929_14_14_23_Pro.jpg,1280,720
Issue,720,303,44,23,WIN_20260929_14_14_23_Pro.jpg,1280,720
Issue,446,467,23,23,WIN_20260929_14_14_23_Pro.jpg,1280,720
Issue,382,472,28,22,WIN_20260929_14_14_23_Pro.jpg,1280,720
Issue,341,476,34,25,WIN_20260929_14_14_23_Pro.jpg,1280,720
Issue,632,491,21,29,WIN_20260929_14_14_23_Pro.jpg,1280,720
Issue,632,538,23,12,WIN_20260929_14_14_23_Pro.jpg,1280,720
Issue,823,579,69,36,WIN_20260929_14_14_23_Pro.jpg,1280,720
Issue,710,299,60,34,WIN_20260929_14_14_26_Pro.jpg,1280,720
Issue,441,307,79,17,WIN_20260929_14_14_26_Pro.jpg,1280,720
Issue,431,468,75,19,WIN_20260929_14_14_26_Pro.jpg,1280,720
Issue,326,476,102,21,WIN_20260929_14_14_26_Pro.jpg,1280,720
Issue,634,491,19,29,WIN_20260929_14_14_26_Pro.jpg,1280,720
Issue,632,538,25,12,WIN_20260929_14_14_26_Pro.jpg,1280,720
Issue,820,581,80,34,WIN_20260929_14_14_26_Pro.jpg,1280,720
Issue,433,288,100,43,WIN_20260929_14_14_33_Pro (2).jpg,1280,720
Issue,697,290,90,46,WIN_20260929_14_14_33_Pro (2).jpg,1280,720
Issue,315,465,192,32,WIN_20260929_14_14_33_Pro (2).jpg,1280,720
Issue,626,487,34,144,WIN_20260929_14_14_33_Pro (2).jpg,1280,720
Issue,810,518,89,30,WIN_20260929_14_14_33_Pro (2).jpg,1280,720
Issue,794,579,135,40,WIN_20260929_14_14_33_Pro (2).jpg,1280,720
Issue,699,288,90,48,WIN_20260929_14_14_33_Pro.jpg,1280,720
Issue,428,294,115,40,WIN_20260929_14_14_33_Pro.jpg,1280,720
Issue,321,465,224,38,WIN_20260929_14_14_33_Pro.jpg,1280,720
Issue,627,487,37,139,WIN_20260929_14_14_33_Pro.jpg,1280,720
Issue,814,524,89,26,WIN_20260929_14_14_33_Pro.jpg,1280,720
Issue,790,581,148,36,WIN_20260929_14_14_33_Pro.jpg,1280,720
Issue,428,280,107,57,WIN_20260929_14_14_36_Pro (2).jpg,1280,720
Issue,702,283,83,59,WIN_20260929_14_14_36_Pro (2).jpg,1280,720
Issue,316,459,279,32,WIN_20260929_14_14_36_Pro (2).jpg,1280,720
Issue,625,485,40,138,WIN_20260929_14_14_36_Pro (2).jpg,1280,720
Issue,777,576,145,39,WIN_20260929_14_14_36_Pro (2).jpg,1280,720
Issue,422,287,122,47,WIN_20260929_14_14_36_Pro.jpg,1280,720
Issue,709,292,78,40,WIN_20260929_14_14_36_Pro.jpg,1280,720
Issue,306,470,297,18,WIN_20260929_14_14_36_Pro.jpg,1280,720
Issue,634,489,27,131,WIN_20260929_14_14_36_Pro.jpg,1280,720
Issue,811,510,89,41,WIN_20260929_14_14_36_Pro.jpg,1280,720
Issue,817,579,88,33,WIN_20260929_14_14_36_Pro.jpg,1280,720
Issue,699,289,89,54,WIN_20260929_14_14_40_Pro (2).jpg,1280,720
Issue,431,300,118,32,WIN_20260929_14_14_40_Pro (2).jpg,1280,720
Issue,325,466,196,31,WIN_20260929_14_14_40_Pro (2).jpg,1280,720
Issue,628,485,31,141,WIN_20260929_14_14_40_Pro (2).jpg,1280,720
Issue,813,519,97,41,WIN_20260929_14_14_40_Pro (2).jpg,1280,720
Issue,797,584,126,34,WIN_20260929_14_14_40_Pro (2).jpg,1280,720
Issue,705,296,81,41,WIN_20260929_14_14_40_Pro.jpg,1280,720
Issue,431,303,101,40,WIN_20260929_14_14_40_Pro.jpg,1280,720
Issue,310,472,209,16,WIN_20260929_14_14_40_Pro.jpg,1280,720
Issue,623,484,32,139,WIN_20260929_14_14_40_Pro.jpg,1280,720
Issue,812,523,88,35,WIN_20260929_14_14_40_Pro.jpg,1280,720
Issue,818,586,81,32,WIN_20260929_14_14_40_Pro.jpg,1280,720
Issue,516,256,53,71,WIN_20260929_14_15_03_Pro.jpg,1280,720
Issue,758,259,36,83,WIN_20260929_14_15_03_Pro.jpg,1280,720
Issue,361,262,34,69,WIN_20260929_14_15_03_Pro.jpg,1280,720
Issue,659,270,44,70,WIN_20260929_14_15_03_Pro.jpg,1280,720
Issue,479,305,37,76,WIN_20260929_14_15_03_Pro.jpg,1280,720
Issue,775,376,52,54,WIN_20260929_14_15_03_Pro.jpg,1280,720
Issue,743,432,42,42,WIN_20260929_14_15_03_Pro.jpg,1280,720
Issue,372,454,88,88,WIN_20260929_14_15_03_Pro.jpg,1280,720
Issue,731,473,34,37,WIN_20260929_14_15_03_Pro.jpg,1280,720
Issue,452,496,25,119,WIN_20260929_14_15_03_Pro.jpg,1280,720
Issue,513,500,30,89,WIN_20260929_14_15_03_Pro.jpg,1280,720
Issue,317,571,34,41,WIN_20260929_14_15_03_Pro.jpg,1280,720
Issue,516,250,46,71,WIN_20260929_14_15_04_Pro.jpg,1280,720
Issue,361,262,36,59,WIN_20260929_14_15_04_Pro.jpg,1280,720
Issue,750,264,45,72,WIN_20260929_14_15_04_Pro.jpg,1280,720
Issue,658,270,42,73,WIN_20260929_14_15_04_Pro.jpg,1280,720
Issue,479,318,42,61,WIN_20260929_14_15_04_Pro.jpg,1280,720
Issue,790,382,32,41,WIN_20260929_14_15_04_Pro.jpg,1280,720
Issue,746,424,56,39,WIN_20260929_14_15_04_Pro.jpg,1280,720
Issue,424,448,36,38,WIN_20260929_14_15_04_Pro.jpg,1280,720
Issue,731,468,45,47,WIN_20260929_14_15_04_Pro.jpg,1280,720
Issue,370,489,62,46,WIN_20260929_14_15_04_Pro.jpg,1280,720
Issue,454,498,31,100,WIN_20260929_14_15_04_Pro.jpg,1280,720
Issue,506,505,41,78,WIN_20260929_14_15_04_Pro.jpg,1280,720
Issue,521,263,40,81,WIN_20260929_14_15_06_Pro.jpg,1280,720
Issue,754,265,39,69,WIN_20260929_14_15_06_Pro.jpg,1280,720
Issue,656,266,53,71,WIN_20260929_14_15_06_Pro.jpg,1280,720
Issue,363,269,38,47,WIN_20260929_14_15_06_Pro.jpg,1280,720
Issue,472,316,40,65,WIN_20260929_14_15_06_Pro.jpg,1280,720
Issue,740,391,81,82,WIN_20260929_14_15_06_Pro.jpg,1280,720
Issue,426,447,29,48,WIN_20260929_14_15_06_Pro.jpg,1280,720
Issue,380,474,44,65,WIN_20260929_14_15_06_Pro.jpg,1280,720
Issue,512,502,45,68,WIN_20260929_14_15_06_Pro.jpg,1280,720
Issue,448,507,30,82,WIN_20260929_14_15_06_Pro.jpg,1280,720
Issue,748,256,50,81,WIN_20260929_14_15_07_Pro.jpg,1280,720
Issue,368,263,25,60,WIN_20260929_14_15_07_Pro.jpg,1280,720
Issue,522,268,38,78,WIN_20260929_14_15_07_Pro.jpg,1280,720
Issue,659,268,38,69,WIN_20260929_14_15_07_Pro.jpg,1280,720
Issue,477,323,33,51,WIN_20260929_14_15_07_Pro.jpg,1280,720
Issue,749,390,71,101,WIN_20260929_14_15_07_Pro.jpg,1280,720
Issue,424,449,33,49,WIN_20260929_14_15_07_Pro.jpg,1280,720
Issue,378,470,45,76,WIN_20260929_14_15_07_Pro.jpg,1280,720
Issue,514,471,39,91,WIN_20260929_14_15_07_Pro.jpg,1280,720
Issue,450,509,28,79,WIN_20260929_14_15_07_Pro.jpg,1280,720
Issue,697,288,86,54,WIN_20260929_14_15_50_Pro (2).jpg,1280,720
Issue,432,292,112,38,WIN_20260929_14_15_50_Pro (2).jpg,1280,720
Issue,318,468,189,29,WIN_20260929_14_15_50_Pro (2).jpg,1280,720
Issue,626,481,28,142,WIN_20260929_14_15_50_Pro (2).jpg,1280,720
Issue,815,523,81,26,WIN_20260929_14_15_50_Pro (2).jpg,1280,720
Issue,823,583,80,36,WIN_20260929_14_15_50_Pro (2).jpg,1280,720
Issue,696,285,87,60,WIN_20260929_14_15_50_Pro.jpg,1280,720
Issue,431,288,112,44,WIN_20260929_14_15_50_Pro.jpg,1280,720
Issue,317,465,209,38,WIN_20260929_14_15_50_Pro.jpg,1280,720
Issue,626,499,31,128,WIN_20260929_14_15_50_Pro.jpg,1280,720
Issue,821,519,76,97,WIN_20260929_14_15_50_Pro.jpg,1280,720
Issue,752,261,45,75,WIN_20260929_14_16_09_Pro (2).jpg,1280,720
Issue,521,262,34,88,WIN_20260929_14_16_09_Pro (2).jpg,1280,720
Issue,370,268,24,49,WIN_20260929_14_16_09_Pro (2).jpg,1280,720
Issue,657,271,43,69,WIN_20260929_14_16_09_Pro (2).jpg,1280,720
Issue,476,312,35,59,WIN_20260929_14_16_09_Pro (2).jpg,1280,720
Issue,749,390,84,78,WIN_20260929_14_16_09_Pro (2).jpg,1280,720
Issue,417,449,39,38,WIN_20260929_14_16_09_Pro (2).jpg,1280,720
Issue,377,487,50,41,WIN_20260929_14_16_09_Pro (2).jpg,1280,720
Issue,458,500,26,108,WIN_20260929_14_16_09_Pro (2).jpg,1280,720
Issue,509,507,36,79,WIN_20260929_14_16_09_Pro (2).jpg,1280,720
Issue,523,261,39,78,WIN_20260929_14_16_09_Pro.jpg,1280,720
Issue,749,264,49,83,WIN_20260929_14_16_09_Pro.jpg,1280,720
Issue,372,268,36,52,WIN_20260929_14_16_09_Pro.jpg,1280,720
Issue,655,270,45,72,WIN_20260929_14_16_09_Pro.jpg,1280,720
Issue,480,303,37,78,WIN_20260929_14_16_09_Pro.jpg,1280,720
Issue,787,381,40,56,WIN_20260929_14_16_09_Pro.jpg,1280,720
Issue,730,430,55,75,WIN_20260929_14_16_09_Pro.jpg,1280,720
Issue,422,448,49,41,WIN_20260929_14_16_09_Pro.jpg,1280,720
Issue,377,483,48,53,WIN_20260929_14_16_09_Pro.jpg,1280,720
Issue,455,495,29,89,WIN_20260929_14_16_09_Pro.jpg,1280,720
Issue,507,503,38,82,WIN_20260929_14_16_09_Pro.jpg,1280,720
Issue,319,236,121,52,WIN_20260929_14_16_27_Pro.jpg,1280,720
Issue,575,237,30,130,WIN_20260929_14_16_27_Pro.jpg,1280,720
Issue,331,298,88,38,WIN_20260929_14_16_27_Pro.jpg,1280,720
Issue,711,362,225,45,WIN_20260929_14_16_27_Pro.jpg,1280,720
Issue,433,525,113,46,WIN_20260929_14_16_27_Pro.jpg,1280,720
Issue,676,532,132,38,WIN_20260929_14_16_27_Pro.jpg,1280,720
Issue,323,243,108,40,WIN_20260929_14_16_28_Pro.jpg,1280,720
Issue,577,245,34,135,WIN_20260929_14_16_28_Pro.jpg,1280,720
Issue,332,301,85,36,WIN_20260929_14_16_28_Pro.jpg,1280,720
Issue,716,369,213,33,WIN_20260929_14_16_28_Pro.jpg,1280,720
Issue,448,526,75,40,WIN_20260929_14_16_28_Pro.jpg,1280,720
Issue,676,535,128,38,WIN_20260929_14_16_28_Pro.jpg,1280,720
Issue,753,243,22,124,WIN_20260929_14_16_44_Pro (2).jpg,1280,720
Issue,681,257,38,120,WIN_20260929_14_16_44_Pro (2).jpg,1280,720
Issue,810,311,49,61,WIN_20260929_14_16_44_Pro (2).jpg,1280,720
Issue,402,378,78,88,WIN_20260929_14_16_44_Pro (2).jpg,1280,720
Issue,713,483,45,48,WIN_20260929_14_16_44_Pro (2).jpg,1280,720
Issue,435,507,32,73,WIN_20260929_14_16_44_Pro (2).jpg,1280,720
Issue,519,516,45,57,WIN_20260929_14_16_44_Pro (2).jpg,1280,720
Issue,661,531,60,62,WIN_20260929_14_16_44_Pro (2).jpg,1280,720
Issue,822,533,59,78,WIN_20260929_14_16_44_Pro (2).jpg,1280,720
Issue,683,261,36,89,WIN_20260929_14_16_44_Pro.jpg,1280,720
Issue,753,268,34,87,WIN_20260929_14_16_44_Pro.jpg,1280,720
Issue,807,312,57,67,WIN_20260929_14_16_44_Pro.jpg,1280,720
Issue,458,333,38,93,WIN_20260929_14_16_44_Pro.jpg,1280,720
Issue,393,402,51,68,WIN_20260929_14_16_44_Pro.jpg,1280,720
Issue,707,471,43,65,WIN_20260929_14_16_44_Pro.jpg,1280,720
Issue,529,504,45,74,WIN_20260929_14_16_44_Pro.jpg,1280,720
Issue,434,507,31,71,WIN_20260929_14_16_44_Pro.jpg,1280,720
Issue,662,518,43,72,WIN_20260929_14_16_44_Pro.jpg,1280,720
Issue,833,524,31,82,WIN_20260929_14_16_44_Pro.jpg,1280,720
