WIN_20260928_09_43_29_Pro.jpg,"[PCBA]"
WIN_20260928_09_43_47_Pro.jpg,"[PCBA]"
WIN_20260928_09_43_57_Pro.jpg,"[PCBA]"
WIN_20260928_09_43_59_Pro.jpg,"[PCBA]"
WIN_20260928_09_44_03_Pro.jpg,"[PCBA]"
WIN_20260928_09_44_04_Pro.jpg,"[PCBA]"
WIN_20260928_09_46_37_Pro.jpg,"[PCBA]"
WIN_20260928_09_46_38_Pro.jpg,"[PCBA]"
WIN_20260928_09_46_45_Pro.jpg,"[PCBA]"
WIN_20260928_09_46_46_Pro.jpg,"[PCBA]"
WIN_20260928_09_46_50_Pro.jpg,"[PCBA]"
WIN_20260928_09_46_51_Pro.jpg,"[PCBA]"
WIN_20260928_09_46_55_Pro.jpg,"[PCBA]"
WIN_20260928_09_46_56_Pro.jpg,"[PCBA]"
WIN_20260928_09_47_00_Pro.jpg,"[PCBA]"
WIN_20260928_09_47_01_Pro.jpg,"[PCBA]"
WIN_20260928_09_47_06_Pro.jpg,"[PCBA]"
WIN_20260928_09_47_07_Pro.jpg,"[PCBA]"
WIN_20260928_09_47_46_Pro.jpg,"[PCBA]"
WIN_20260928_09_47_47_Pro.jpg,"[PCBA]"
WIN_20260928_09_47_52_Pro.jpg,"[PCBA]"
WIN_20260928_09_47_53_Pro.jpg,"[PCBA]"
WIN_20260928_09_47_57_Pro.jpg,"[PCBA]"
WIN_20260928_09_47_58_Pro.jpg,"[PCBA]"
WIN_20260928_09_48_02_Pro (2).jpg,"[PCBA]"
WIN_20260928_09_48_02_Pro.jpg,"[PCBA]"
WIN_20260928_09_48_06_Pro.jpg,"[PCBA]"
WIN_20260928_09_48_07_Pro.jpg,"[PCBA]"
WIN_20260928_09_48_11_Pro.jpg,"[PCBA]"
WIN_20260928_09_48_12_Pro.jpg,"[PCBA]"
WIN_20260928_09_49_02_Pro.jpg,"[Empty]"
WIN_20260928_09_49_03_Pro.jpg,"[Empty]"
WIN_20260928_09_49_07_Pro.jpg,"[Empty]"
WIN_20260928_09_49_08_Pro.jpg,"[Empty]"
WIN_20260928_09_49_12_Pro.jpg,"[Empty]"
WIN_20260928_09_49_13_Pro.jpg,"[Empty]"
WIN_20260928_09_49_17_Pro (2).jpg,"[Empty]"
WIN_20260928_09_49_17_Pro.jpg,"[Empty]"
WIN_20260928_09_49_22_Pro (2).jpg,"[Empty]"
WIN_20260928_09_49_22_Pro.jpg,"[Empty]"
WIN_20260928_09_49_26_Pro.jpg,"[Empty]"
WIN_20260928_09_49_27_Pro.jpg,"[Empty]"
WIN_20260928_09_50_01_Pro.jpg,"[Empty]"
WIN_20260928_09_50_02_Pro.jpg,"[Empty]"
WIN_20260928_09_50_05_Pro.jpg,"[Empty]"
WIN_20260928_09_50_06_Pro.jpg,"[Empty]"
WIN_20260928_09_50_10_Pro (2).jpg,"[Empty]"
WIN_20260928_09_50_10_Pro.jpg,"[Empty]"
WIN_20260928_09_50_15_Pro (2).jpg,"[Empty]"
WIN_20260928_09_50_15_Pro.jpg,"[Empty]"
WIN_20260928_09_51_17_Pro.jpg,"[PCB]"
WIN_20260928_09_51_20_Pro.jpg,"[PCB]"
WIN_20260928_09_51_27_Pro.jpg,"[PCB]"
WIN_20260928_09_51_28_Pro.jpg,"[PCB]"
WIN_20260928_09_51_31_Pro.jpg,"[PCB]"
WIN_20260928_09_51_32_Pro.jpg,"[PCB]"
WIN_20260928_09_51_35_Pro.jpg,"[PCB]"
WIN_20260928_09_51_36_Pro.jpg,"[PCB]"
WIN_20260928_09_51_40_Pro.jpg,"[PCB]"
WIN_20260928_09_51_41_Pro.jpg,"[PCB]"
WIN_20260928_09_51_45_Pro.jpg,"[PCB]"
WIN_20260928_09_51_46_Pro.jpg,"[PCB]"
WIN_20260928_09_51_49_Pro.jpg,"[PCB]"
WIN_20260928_09_51_50_Pro.jpg,"[PCB]"
WIN_20260928_09_52_27_Pro.jpg,"[PCB]"
WIN_20260928_09_52_28_Pro.jpg,"[PCB]"
WIN_20260928_09_52_31_Pro.jpg,"[PCB]"
WIN_20260928_09_52_32_Pro.jpg,"[PCB]"
WIN_20260928_09_52_35_Pro.jpg,"[PCB]"
WIN_20260928_09_52_36_Pro.jpg,"[PCB]"
WIN_20260928_09_52_39_Pro.jpg,"[PCB]"
WIN_20260928_09_52_40_Pro.jpg,"[PCB]"
WIN_20260928_09_52_44_Pro (2).jpg,"[PCB]"
WIN_20260928_09_52_44_Pro.jpg,"[PCB]"
WIN_20260928_09_52_48_Pro (2).jpg,"[PCB]"
WIN_20260928_09_52_48_Pro.jpg,"[PCB]"
